"payment_id","payment_date","amount"
20228,2007-03-17 00:02:58.996,2.99
19799,2007-03-17 00:06:17.996,4.99
21870,2007-03-17 00:06:21.996,4.99
24068,2007-03-17 00:06:44.996,4.99
19770,2007-03-17 00:21:46.996,2.99
22548,2007-03-17 00:22:39.996,5.99
20340,2007-03-17 00:26:15.996,2.99
21109,2007-03-17 00:27:33.996,2.99
24814,2007-03-17 00:31:28.996,5.99
20178,2007-03-17 00:32:15.996,3.99
21550,2007-03-17 00:41:52.996,1.99
19812,2007-03-17 00:43:02.996,4.99
21406,2007-03-17 00:49:08.996,4.99
24183,2007-03-17 00:49:29.996,5.99
22328,2007-03-17 00:54:49.996,3.99
22220,2007-03-17 00:56:48.996,9.99
22736,2007-03-17 00:58:07.996,6.99
20613,2007-03-17 01:04:30.996,2.99
24580,2007-03-17 01:15:28.996,6.99
20293,2007-03-17 01:21:40.996,6.99
19752,2007-03-17 01:22:21.996,6.99
19570,2007-03-17 01:31:22.996,8.99
23711,2007-03-17 01:36:36.996,7.99
20773,2007-03-17 01:40:30.996,5.99
21476,2007-03-17 01:43:13.996,4.99
20692,2007-03-17 01:49:45.996,4.99
20831,2007-03-17 01:50:36.996,4.99
21303,2007-03-17 01:59:23.996,4.99
21231,2007-03-17 02:05:18.996,8.99
23384,2007-03-17 02:09:37.996,3.99
19606,2007-03-17 02:12:03.996,4.99
21963,2007-03-17 02:17:17.996,2.99
23850,2007-03-17 02:18:59.996,4.99
22696,2007-03-17 02:20:44.996,2.99
21110,2007-03-17 02:23:01.996,4.99
23033,2007-03-17 02:28:27.996,4.99
20039,2007-03-17 02:29:06.996,2.99
24359,2007-03-17 02:30:02.996,4.99
24698,2007-03-17 02:42:11.996,7.99
24732,2007-03-17 02:44:12.996,4.99
24251,2007-03-17 02:44:13.996,2.99
21925,2007-03-17 02:47:18.996,2.99
24291,2007-03-17 02:54:13.996,10.99
25036,2007-03-17 02:55:44.996,8.99
19834,2007-03-17 02:55:50.996,6.99
23367,2007-03-17 02:56:12.996,2.99
24292,2007-03-17 02:57:22.996,1.99
24878,2007-03-17 02:57:58.996,2.99
21435,2007-03-17 02:58:35.996,4.99
22659,2007-03-17 03:00:15.996,2.99
23610,2007-03-17 03:01:43.996,5.99
19623,2007-03-17 03:04:57.996,4.99
24144,2007-03-17 03:07:35.996,6.99
21377,2007-03-17 03:11:55.996,6.99
21735,2007-03-17 03:12:59.996,1.99
23443,2007-03-17 03:14:05.996,4.99
24570,2007-03-17 03:18:01.996,1.99
21130,2007-03-17 03:18:12.996,4.99
23023,2007-03-17 03:19:22.996,4.99
23696,2007-03-17 03:22:40.996,7.99
21407,2007-03-17 03:24:42.996,6.99
24708,2007-03-17 03:27:52.996,2.99
20961,2007-03-17 03:28:29.996,4.99
24033,2007-03-17 03:30:51.996,6.99
20359,2007-03-17 03:34:36.996,4.99
24714,2007-03-17 03:34:45.996,2.99
23724,2007-03-17 03:39:33.996,7.99
23224,2007-03-17 03:39:35.996,4.99
20998,2007-03-17 03:47:43.996,2.99
23712,2007-03-17 03:49:11.996,4.99
21958,2007-03-17 03:51:08.996,1.99
22945,2007-03-17 03:54:23.996,8.99
24383,2007-03-17 03:56:03.996,6.99
20506,2007-03-17 03:58:45.996,3.99
21079,2007-03-17 04:04:18.996,2.99
25017,2007-03-17 04:05:23.996,6.99
22015,2007-03-17 04:13:36.996,2.99
22478,2007-03-17 04:15:21.996,5.99
21620,2007-03-17 04:17:17.996,5.99
20168,2007-03-17 04:18:47.996,4.99
19870,2007-03-17 04:22:41.996,2.99
19898,2007-03-17 04:24:53.996,6.99
21857,2007-03-17 04:26:20.996,1.99
24369,2007-03-17 04:36:05.996,5.99
23368,2007-03-17 04:37:20.996,4.99
24740,2007-03-17 04:40:53.996,4.99
22128,2007-03-17 04:41:56.996,2.99
20647,2007-03-17 04:42:06.996,2.99
23314,2007-03-17 04:43:43.996,5.99
21889,2007-03-17 04:55:41.996,3.99
23166,2007-03-17 05:07:42.996,4.99
20699,2007-03-17 05:07:56.996,2.99
24302,2007-03-17 05:08:25.996,5.99
23473,2007-03-17 05:10:24.996,5.99
20977,2007-03-17 05:10:34.996,6.99
19521,2007-03-17 05:12:48.996,6.99
21871,2007-03-17 05:19:31.996,3.99
20294,2007-03-17 05:21:07.996,6.99
24741,2007-03-17 05:25:22.996,4.99
20871,2007-03-17 05:25:56.996,6.99
20639,2007-03-17 05:29:34.996,4.99
21938,2007-03-17 05:29:35.996,2.99
20317,2007-03-17 05:38:25.996,4.99
20179,2007-03-17 05:40:24.996,5.99
23651,2007-03-17 05:40:57.996,2.99
23013,2007-03-17 05:44:13.996,4.99
21964,2007-03-17 05:47:22.996,4.99
19658,2007-03-17 05:47:55.996,4.99
23946,2007-03-17 05:49:48.996,7.99
21636,2007-03-17 05:50:51.996,4.99
22470,2007-03-17 05:53:25.996,2.99
22479,2007-03-17 05:55:13.996,2.99
22214,2007-03-17 05:58:10.996,4.99
21466,2007-03-17 05:59:21.996,2.99
22634,2007-03-17 06:01:17.996,2.99
22549,2007-03-17 06:02:31.996,3.99
24135,2007-03-17 06:03:21.996,2.99
19722,2007-03-17 06:09:21.996,4.99
21273,2007-03-17 06:09:21.996,4.99
22232,2007-03-17 06:13:08.996,4.99
20169,2007-03-17 06:14:31.996,5.99
23804,2007-03-17 06:15:20.996,8.99
20015,2007-03-17 06:21:29.996,2.99
20202,2007-03-17 06:24:48.996,2.99
22673,2007-03-17 06:33:10.996,6.99
23115,2007-03-17 06:37:26.996,2.99
21190,2007-03-17 06:40:52.996,4.99
24686,2007-03-17 06:43:07.996,2.99
23611,2007-03-17 06:50:26.996,2.99
23181,2007-03-17 06:53:01.996,3.99
23963,2007-03-17 06:58:12.996,3.99
20157,2007-03-17 07:02:48.996,3.99
21274,2007-03-17 07:04:08.996,3.99
22054,2007-03-17 07:09:21.996,8.99
22176,2007-03-17 07:10:34.996,4.99
20258,2007-03-17 07:14:21.996,8.99
22946,2007-03-17 07:16:57.996,6.99
20145,2007-03-17 07:17:31.996,2.99
22934,2007-03-17 07:22:56.996,5.99
24895,2007-03-17 07:28:27.996,3.99
19835,2007-03-17 07:31:50.996,5.99
22233,2007-03-17 07:31:57.996,2.99
22347,2007-03-17 07:32:29.996,2.99
23167,2007-03-17 07:36:22.996,6.99
21566,2007-03-17 07:39:21.996,4.99
23096,2007-03-17 07:40:18.996,4.99
21846,2007-03-17 07:44:01.996,3.99
24581,2007-03-17 07:57:48.996,2.99
22036,2007-03-17 08:01:28.996,8.99
23683,2007-03-17 08:09:49.996,2.99
22143,2007-03-17 08:12:48.996,2.99
22798,2007-03-17 08:13:25.996,5.99
24939,2007-03-17 08:16:32.996,9.99
19918,2007-03-17 08:23:54.996,2.99
22134,2007-03-17 08:27:06.996,2.99
23422,2007-03-17 08:29:06.996,7.99
22314,2007-03-17 08:30:55.996,2.99
20962,2007-03-17 08:33:15.996,2.99
21525,2007-03-17 08:33:31.996,4.99
20040,2007-03-17 08:45:35.996,6.99
24867,2007-03-17 08:47:23.996,5.99
20619,2007-03-17 08:48:17.996,5.99
21628,2007-03-17 08:49:05.996,3.99
22406,2007-03-17 08:54:19.996,3.99
23482,2007-03-17 08:55:45.996,4.99
24668,2007-03-17 09:00:06.996,3.99
23851,2007-03-17 09:00:24.996,3.99
19813,2007-03-17 09:02:50.996,2.99
21790,2007-03-17 09:05:26.996,4.99
24437,2007-03-17 09:23:12.996,3.99
21099,2007-03-17 09:26:06.996,3.99
24548,2007-03-17 09:27:26.996,2.99
22278,2007-03-17 09:27:44.996,4.99
24119,2007-03-17 09:27:50.996,6.99
21262,2007-03-17 09:28:34.996,2.99
20542,2007-03-17 09:32:19.996,4.99
20308,2007-03-17 09:34:19.996,5.99
21281,2007-03-17 09:37:14.996,4.99
22329,2007-03-17 09:42:04.996,2.99
22153,2007-03-17 09:45:47.996,4.99
21232,2007-03-17 09:50:09.996,9.99
21736,2007-03-17 09:53:51.996,6.99
24742,2007-03-17 10:01:17.996,2.99
24224,2007-03-17 10:10:34.996,2.99
22242,2007-03-17 10:11:11.996,3.99
24624,2007-03-17 10:17:13.996,6.99
23841,2007-03-17 10:17:54.996,4.99
21378,2007-03-17 10:19:42.996,2.99
19889,2007-03-17 10:20:05.996,3.99
23898,2007-03-17 10:27:44.996,2.99
23034,2007-03-17 10:35:20.996,4.99
21813,2007-03-17 10:37:46.996,6.99
24523,2007-03-17 10:41:52.996,4.99
23055,2007-03-17 10:48:27.996,4.99
21832,2007-03-17 10:50:30.996,9.99
20779,2007-03-17 10:53:59.996,2.99
20309,2007-03-17 11:05:03.996,6.99
22683,2007-03-17 11:06:20.996,4.99
19800,2007-03-17 11:11:56.996,4.99
22068,2007-03-17 11:12:12.996,2.99
21945,2007-03-17 11:12:53.996,4.99
19531,2007-03-17 11:16:54.996,6.99
21939,2007-03-17 11:21:41.996,1.99
22994,2007-03-17 11:23:13.996,4.99
23842,2007-03-17 11:23:57.996,4.99
21021,2007-03-17 11:28:59.996,2.99
25097,2007-03-17 11:29:06.996,1.99
21551,2007-03-17 11:31:39.996,4.99
24582,2007-03-17 11:32:02.996,4.99
23461,2007-03-17 11:33:07.996,5.99
24239,2007-03-17 11:34:26.996,2.99
21655,2007-03-17 11:37:27.996,4.99
19554,2007-03-17 11:40:46.996,2.99
20999,2007-03-17 11:42:03.996,4.99
24479,2007-03-17 11:43:16.996,2.99
23305,2007-03-17 11:45:04.996,2.99
19689,2007-03-17 11:46:55.996,2.99
23567,2007-03-17 11:53:21.996,4.99
23451,2007-03-17 11:58:41.996,1.99
20543,2007-03-17 11:58:53.996,4.99
22591,2007-03-17 12:06:53.996,3.99
19960,2007-03-17 12:11:18.996,2.99
22055,2007-03-17 12:11:33.996,7.99
22954,2007-03-17 12:13:15.996,3.99
24069,2007-03-17 12:16:56.996,4.99
21755,2007-03-17 12:18:57.996,4.99
24045,2007-03-17 12:19:46.996,4.99
25049,2007-03-17 12:20:52.996,1.99
21992,2007-03-17 12:23:19.996,2.99
23713,2007-03-17 12:24:27.996,3.99
23595,2007-03-17 12:30:27.996,4.99
20241,2007-03-17 12:32:12.996,2.99
21088,2007-03-17 12:32:54.996,2.99
21204,2007-03-17 12:34:00.996,4.99
22856,2007-03-17 12:38:48.996,5.99
21592,2007-03-17 12:40:10.996,4.99
23725,2007-03-17 12:40:11.996,5.99
21425,2007-03-17 12:45:06.996,4.99
19785,2007-03-17 12:45:14.996,4.99
21205,2007-03-17 12:49:37.996,3.99
22177,2007-03-17 12:52:18.996,2.99
19951,2007-03-17 12:53:35.996,5.99
22604,2007-03-17 12:56:54.996,5.99
24842,2007-03-17 13:02:07.996,3.99
22195,2007-03-17 13:09:54.996,2.99
24392,2007-03-17 13:11:49.996,6.99
21567,2007-03-17 13:22:19.996,4.99
23203,2007-03-17 13:31:39.996,2.99
24225,2007-03-17 13:32:31.996,7.99
21621,2007-03-17 13:37:09.996,5.99
23744,2007-03-17 13:40:21.996,2.99
21693,2007-03-17 13:41:55.996,3.99
23325,2007-03-17 13:43:27.996,8.99
24858,2007-03-17 13:43:33.996,4.99
21111,2007-03-17 13:48:20.996,5.99
24879,2007-03-17 13:52:32.996,2.99
24303,2007-03-17 13:52:38.996,5.99
24886,2007-03-17 13:59:10.996,4.99
23349,2007-03-17 14:04:13.996,2.99
23286,2007-03-17 14:06:00.996,4.99
22121,2007-03-17 14:06:11.996,2.99
24055,2007-03-17 14:07:52.996,5.99
20284,2007-03-17 14:08:44.996,3.99
21542,2007-03-17 14:09:12.996,2.99
21782,2007-03-17 14:09:13.996,2.99
19967,2007-03-17 14:11:35.996,3.99
21488,2007-03-17 14:20:01.996,6.99
22399,2007-03-17 14:20:15.996,5.99
19793,2007-03-17 14:21:43.996,5.99
24805,2007-03-17 14:33:08.996,2.99
19542,2007-03-17 14:33:54.996,3.99
19555,2007-03-17 14:36:43.996,2.99
22037,2007-03-17 14:37:08.996,2.99
21603,2007-03-17 14:40:53.996,4.99
22819,2007-03-17 14:49:03.996,7.99
23369,2007-03-17 14:50:13.996,2.99
22625,2007-03-17 14:50:31.996,4.99
24393,2007-03-17 14:53:29.996,3.99
25098,2007-03-17 14:56:50.996,2.99
20063,2007-03-17 14:57:17.996,6.99
22724,2007-03-17 14:57:19.996,3.99
24920,2007-03-17 15:03:40.996,4.99
20415,2007-03-17 15:04:38.996,4.99
21131,2007-03-17 15:06:46.996,4.99
21872,2007-03-17 15:17:02.996,6.99
21036,2007-03-17 15:23:20.996,6.99
21881,2007-03-17 15:24:23.996,1.99
24252,2007-03-17 15:24:54.996,4.99
22340,2007-03-17 15:25:23.996,1.99
23339,2007-03-17 15:29:08.996,3.99
20670,2007-03-17 15:31:08.996,3.99
22364,2007-03-17 15:34:19.996,4.99
24733,2007-03-17 15:36:39.996,2.99
23073,2007-03-17 15:39:31.996,3.99
24583,2007-03-17 15:40:52.996,2.99
24511,2007-03-17 15:41:42.996,9.99
24175,2007-03-17 15:42:28.996,5.99
19730,2007-03-17 15:43:23.996,2.99
20764,2007-03-17 15:45:08.996,3.99
24056,2007-03-17 15:47:02.996,2.99
20004,2007-03-17 15:50:01.996,6.99
21321,2007-03-17 15:50:31.996,6.99
24584,2007-03-17 15:50:55.996,1.99
24709,2007-03-17 15:51:46.996,4.99
23627,2007-03-17 15:52:01.996,4.99
23494,2007-03-17 15:52:56.996,4.99
19624,2007-03-17 15:56:27.996,3.99
22965,2007-03-17 16:03:04.996,2.99
24647,2007-03-17 16:04:13.996,3.99
19931,2007-03-17 16:05:29.996,6.99
21647,2007-03-17 16:08:11.996,2.99
21926,2007-03-17 16:13:26.996,3.99
22183,2007-03-17 16:18:03.996,4.99
19919,2007-03-17 16:24:12.996,4.99
23907,2007-03-17 16:24:24.996,2.99
21604,2007-03-17 16:25:14.996,2.99
21331,2007-03-17 16:27:05.996,2.99
20507,2007-03-17 16:27:45.996,3.99
22069,2007-03-17 16:29:41.996,4.99
21715,2007-03-17 16:30:36.996,4.99
25027,2007-03-17 16:35:39.996,4.99
22538,2007-03-17 16:38:44.996,4.99
19786,2007-03-17 16:39:06.996,2.99
19879,2007-03-17 16:42:21.996,4.99
23596,2007-03-17 16:44:56.996,3.99
24585,2007-03-17 16:48:10.996,2.99
21675,2007-03-17 16:50:25.996,5.99
21141,2007-03-17 16:52:24.996,2.99
22843,2007-03-17 16:54:48.996,4.99
20387,2007-03-17 16:55:34.996,3.99
23952,2007-03-17 16:55:48.996,10.99
19871,2007-03-17 16:56:15.996,2.99
20005,2007-03-17 16:58:01.996,2.99
21819,2007-03-17 17:03:03.996,4.99
20884,2007-03-17 17:03:04.996,5.99
24113,2007-03-17 17:18:10.996,4.99
23405,2007-03-17 17:24:28.996,2.99
23350,2007-03-17 17:24:31.996,4.99
21716,2007-03-17 17:25:19.996,8.99
20800,2007-03-17 17:25:21.996,5.99
19572,2007-03-17 17:37:38.996,6.99
19532,2007-03-17 17:39:00.996,2.99
22294,2007-03-17 17:44:44.996,4.99
22222,2007-03-17 17:46:20.996,8.99
19961,2007-03-17 17:48:10.996,2.99
23340,2007-03-17 17:49:14.996,2.99
22513,2007-03-17 17:51:28.996,4.99
22784,2007-03-17 18:01:10.996,5.99
22400,2007-03-17 18:02:15.996,1.99
20006,2007-03-17 18:13:12.996,4.99
23370,2007-03-17 18:18:59.996,2.99
22947,2007-03-17 18:21:09.996,5.99
21365,2007-03-17 18:21:11.996,2.99
22894,2007-03-17 18:23:20.996,5.99
21436,2007-03-17 18:28:36.996,6.99
19705,2007-03-17 18:29:38.996,8.99
24094,2007-03-17 18:35:27.996,2.99
21089,2007-03-17 18:39:14.996,2.99
22776,2007-03-17 18:40:01.996,2.99
24010,2007-03-17 18:42:52.996,5.99
20016,2007-03-17 18:43:00.996,6.99
20017,2007-03-17 18:43:57.996,7.99
20341,2007-03-17 18:50:01.996,4.99
22303,2007-03-17 18:57:34.996,1.99
22257,2007-03-17 18:58:22.996,6.99
19794,2007-03-17 19:02:59.996,4.99
22378,2007-03-17 19:05:03.996,4.99
22243,2007-03-17 19:09:12.996,4.99
24990,2007-03-17 19:16:58.996,3.99
21416,2007-03-17 19:17:50.996,7.99
24394,2007-03-17 19:21:53.996,6.99
22451,2007-03-17 19:24:41.996,6.99
22070,2007-03-17 19:25:28.996,8.99
19673,2007-03-17 19:25:53.996,4.99
23190,2007-03-17 19:28:22.996,5.99
23024,2007-03-17 19:30:45.996,4.99
21353,2007-03-17 19:32:14.996,5.99
25121,2007-03-17 19:33:01.996,9.99
22100,2007-03-17 19:36:07.996,8.99
20708,2007-03-17 19:37:49.996,2.99
23863,2007-03-17 19:40:23.996,4.99
22024,2007-03-17 19:42:01.996,3.99
20096,2007-03-17 19:53:13.996,2.99
22184,2007-03-17 19:53:14.996,2.99
23423,2007-03-17 20:00:12.996,6.99
21858,2007-03-17 20:05:13.996,4.99
20658,2007-03-17 20:05:34.996,2.99
20671,2007-03-17 20:08:06.996,4.99
24205,2007-03-17 20:15:13.996,1.99
21800,2007-03-17 20:17:40.996,6.99
23271,2007-03-17 20:18:51.996,9.99
24342,2007-03-17 20:19:05.996,2.99
23844,2007-03-17 20:23:21.996,4.99
22185,2007-03-17 20:27:40.996,4.99
23964,2007-03-17 20:28:48.996,2.99
24806,2007-03-17 20:32:43.996,1.99
20722,2007-03-17 20:36:30.996,4.99
22605,2007-03-17 20:39:12.996,4.99
21927,2007-03-17 20:41:41.996,4.99
21514,2007-03-17 20:42:03.996,2.99
23262,2007-03-17 20:45:15.996,1.99
22989,2007-03-17 20:45:35.996,4.99
24000,2007-03-17 20:48:27.996,4.99
24046,2007-03-17 20:48:38.996,2.99
20374,2007-03-17 20:48:42.996,5.99
22085,2007-03-17 20:48:55.996,5.99
22234,2007-03-17 20:51:16.996,4.99
24011,2007-03-17 20:57:06.996,2.99
23899,2007-03-17 20:59:30.996,2.99
23125,2007-03-17 21:01:03.996,4.99
21391,2007-03-17 21:01:16.996,7.99
20049,2007-03-17 21:03:50.996,4.99
22144,2007-03-17 21:06:57.996,4.99
20694,2007-03-17 21:09:36.996,1.99
20700,2007-03-17 21:13:52.996,6.99
24155,2007-03-17 21:17:35.996,1.99
22836,2007-03-17 21:21:26.996,2.99
20677,2007-03-17 21:23:11.996,5.99
21408,2007-03-17 21:23:58.996,4.99
24012,2007-03-17 21:24:50.996,3.99
22674,2007-03-17 21:25:05.996,6.99
21814,2007-03-17 21:27:01.996,4.99
21825,2007-03-17 21:28:12.996,6.99
19991,2007-03-17 21:28:21.996,2.99
22425,2007-03-17 21:28:57.996,5.99
20709,2007-03-17 21:29:26.996,1.99
23306,2007-03-17 21:30:26.996,7.99
21322,2007-03-17 21:32:41.996,4.99
23538,2007-03-17 21:42:51.996,3.99
22348,2007-03-17 21:45:10.996,2.99
20032,2007-03-17 21:45:12.996,4.99
23341,2007-03-17 21:49:06.996,2.99
20534,2007-03-17 21:49:11.996,9.99
22895,2007-03-17 21:51:12.996,2.99
22401,2007-03-17 21:52:51.996,1.99
19859,2007-03-17 21:53:47.996,7.99
20923,2007-03-17 21:59:35.996,5.99
24070,2007-03-17 21:59:51.996,7.99
22881,2007-03-17 22:02:42.996,2.99
20801,2007-03-17 22:05:29.996,2.99
19731,2007-03-17 22:18:09.996,1.99
20592,2007-03-17 22:18:50.996,2.99
21979,2007-03-17 22:19:56.996,7.99
23692,2007-03-17 22:20:52.996,6.99
19992,2007-03-17 22:24:20.996,7.99
20213,2007-03-17 22:25:39.996,6.99
20850,2007-03-17 22:26:21.996,2.99
20508,2007-03-17 22:32:38.996,5.99
23762,2007-03-17 22:34:52.996,2.99
22725,2007-03-17 22:38:30.996,9.99
21090,2007-03-17 22:38:30.996,2.99
23084,2007-03-17 22:38:46.996,2.99
19635,2007-03-17 22:42:17.996,3.99
22235,2007-03-17 22:42:21.996,2.99
22712,2007-03-17 22:42:29.996,2.99
20443,2007-03-17 22:50:01.996,4.99
20648,2007-03-17 22:50:56.996,4.99
24253,2007-03-17 22:52:22.996,2.99
19979,2007-03-17 22:52:56.996,2.99
24660,2007-03-17 22:55:59.996,7.99
22365,2007-03-17 23:02:11.996,2.99
19740,2007-03-17 23:02:46.996,1.99
23671,2007-03-17 23:04:35.996,7.99
21568,2007-03-17 23:06:25.996,2.99
21191,2007-03-17 23:10:12.996,6.99
19696,2007-03-17 23:12:56.996,3.99
21304,2007-03-17 23:14:27.996,2.99
22524,2007-03-17 23:15:04.996,4.99
22915,2007-03-17 23:22:03.996,8.99
24451,2007-03-17 23:25:32.996,9.99
20170,2007-03-17 23:28:28.996,2.99
22056,2007-03-17 23:32:18.996,2.99
20033,2007-03-17 23:34:20.996,2.99
21323,2007-03-17 23:34:39.996,4.99
24776,2007-03-17 23:35:26.996,1.99
23085,2007-03-17 23:37:00.996,3.99
23628,2007-03-17 23:37:19.996,2.99
20075,2007-03-17 23:38:43.996,4.99
25028,2007-03-17 23:38:59.996,7.99
21468,2007-03-17 23:44:13.996,3.99
19625,2007-03-17 23:45:58.996,5.99
24750,2007-03-17 23:49:47.996,2.99
23462,2007-03-17 23:56:44.996,4.99
22236,2007-03-17 23:58:45.996,2.99
20234,2007-03-18 00:02:39.996,5.99
22530,2007-03-18 00:08:40.996,2.99
19952,2007-03-18 00:12:02.996,2.99
23057,2007-03-18 00:14:16.996,1.99
21313,2007-03-18 00:20:09.996,4.99
20407,2007-03-18 00:20:10.996,5.99
22955,2007-03-18 00:23:10.996,2.99
19556,2007-03-18 00:30:06.996,2.99
19753,2007-03-18 00:32:25.996,3.99
22258,2007-03-18 00:33:13.996,1.99
20259,2007-03-18 00:36:15.996,2.99
23704,2007-03-18 00:37:14.996,3.99
22315,2007-03-18 00:37:24.996,6.99
23511,2007-03-18 00:37:46.996,2.99
23597,2007-03-18 00:37:49.996,4.99
23182,2007-03-18 00:40:59.996,2.99
22101,2007-03-18 00:42:32.996,4.99
22304,2007-03-18 00:42:34.996,1.99
22552,2007-03-18 00:47:18.996,5.99
22416,2007-03-18 00:49:01.996,7.99
21123,2007-03-18 00:49:34.996,8.99
25138,2007-03-18 00:52:33.996,1.99
22196,2007-03-18 00:53:51.996,4.99
24928,2007-03-18 00:55:46.996,2.99
24710,2007-03-18 00:55:55.996,4.99
22857,2007-03-18 00:59:44.996,9.99
21245,2007-03-18 01:01:55.996,4.99
24193,2007-03-18 01:02:21.996,5.99
23139,2007-03-18 01:04:05.996,7.99
23351,2007-03-18 01:16:40.996,4.99
19564,2007-03-18 01:18:20.996,4.99
22005,2007-03-18 01:18:28.996,4.99
23612,2007-03-18 01:19:17.996,5.99
20747,2007-03-18 01:27:06.996,2.99
19900,2007-03-18 01:28:37.996,7.99
22553,2007-03-18 01:32:54.996,4.99
22769,2007-03-18 01:36:36.996,2.99
24816,2007-03-18 01:39:30.996,8.99
24817,2007-03-18 01:40:10.996,3.99
20311,2007-03-18 01:45:59.996,5.99
21515,2007-03-18 01:47:55.996,4.99
20593,2007-03-18 01:53:04.996,4.99
23126,2007-03-18 01:53:34.996,2.99
22979,2007-03-18 01:55:37.996,2.99
23805,2007-03-18 02:05:57.996,1.99
20325,2007-03-18 02:07:20.996,6.99
20396,2007-03-18 02:07:37.996,4.99
22426,2007-03-18 02:15:06.996,4.99
25065,2007-03-18 02:17:07.996,5.99
25020,2007-03-18 02:20:17.996,2.99
22295,2007-03-18 02:21:44.996,5.99
23947,2007-03-18 02:22:00.996,2.99
19626,2007-03-18 02:27:28.996,4.99
20296,2007-03-18 02:28:17.996,6.99
22739,2007-03-18 02:33:55.996,2.99
25151,2007-03-18 02:35:46.996,4.99
22392,2007-03-18 02:38:05.996,1.99
23522,2007-03-18 02:39:29.996,8.99
23483,2007-03-18 02:39:39.996,4.99
21054,2007-03-18 02:43:01.996,2.99
24120,2007-03-18 02:44:09.996,6.99
21605,2007-03-18 02:44:32.996,8.99
23845,2007-03-18 02:44:41.996,2.99
23523,2007-03-18 02:45:59.996,5.99
24964,2007-03-18 02:50:27.996,4.99
21426,2007-03-18 02:50:57.996,2.99
20659,2007-03-18 02:52:56.996,6.99
22402,2007-03-18 02:56:20.996,6.99
24512,2007-03-18 03:00:31.996,2.99
21477,2007-03-18 03:01:37.996,4.99
22820,2007-03-18 03:07:36.996,2.99
21068,2007-03-18 03:09:16.996,6.99
23140,2007-03-18 03:10:13.996,7.99
21801,2007-03-18 03:10:28.996,4.99
19787,2007-03-18 03:15:11.996,5.99
20991,2007-03-18 03:15:56.996,4.99
23127,2007-03-18 03:17:53.996,4.99
20947,2007-03-18 03:18:58.996,4.99
24343,2007-03-18 03:22:46.996,6.99
24896,2007-03-18 03:22:51.996,6.99
24079,2007-03-18 03:24:15.996,4.99
24687,2007-03-18 03:25:09.996,2.99
23014,2007-03-18 03:26:25.996,2.99
23953,2007-03-18 03:26:32.996,5.99
21946,2007-03-18 03:29:46.996,2.99
22417,2007-03-18 03:33:54.996,8.99
19691,2007-03-18 03:36:29.996,6.99
23385,2007-03-18 03:37:03.996,4.99
23241,2007-03-18 03:37:20.996,8.99
21859,2007-03-18 03:42:02.996,4.99
22713,2007-03-18 03:43:10.996,8.99
22025,2007-03-18 03:44:12.996,5.99
25066,2007-03-18 03:44:54.996,3.99
23128,2007-03-18 03:58:57.996,2.99
24370,2007-03-18 04:00:58.996,2.99
22102,2007-03-18 04:04:40.996,6.99
19993,2007-03-18 04:04:46.996,2.99
21860,2007-03-18 04:10:05.996,4.99
24950,2007-03-18 04:11:48.996,7.99
22047,2007-03-18 04:14:55.996,2.99
22108,2007-03-18 04:16:21.996,4.99
24480,2007-03-18 04:16:49.996,8.99
22770,2007-03-18 04:27:06.996,2.99
20630,2007-03-18 04:31:00.996,2.99
24461,2007-03-18 04:35:52.996,2.99
24413,2007-03-18 04:35:57.996,8.99
21305,2007-03-18 04:38:28.996,4.99
22452,2007-03-18 04:43:32.996,5.99
23585,2007-03-18 04:44:35.996,2.99
20113,2007-03-18 04:50:22.996,4.99
20453,2007-03-18 04:55:11.996,2.99
19522,2007-03-18 04:55:17.996,4.99
19592,2007-03-18 04:55:31.996,3.99
20424,2007-03-18 05:03:54.996,2.99
20146,2007-03-18 05:04:48.996,8.99
20808,2007-03-18 05:09:56.996,5.99
25099,2007-03-18 05:11:48.996,6.99
23424,2007-03-18 05:12:22.996,1.99
20749,2007-03-18 05:12:56.996,1.99
22525,2007-03-18 05:14:59.996,6.99
21589,2007-03-18 05:15:45.996,3.99
24849,2007-03-18 05:19:31.996,2.99
24226,2007-03-18 05:21:02.996,2.99
24121,2007-03-18 05:27:41.996,2.99
23407,2007-03-18 05:28:07.996,1.99
23763,2007-03-18 05:30:50.996,2.99
20851,2007-03-18 05:32:50.996,4.99
20473,2007-03-18 05:33:32.996,4.99
24888,2007-03-18 05:35:27.996,4.99
23287,2007-03-18 05:41:12.996,2.99
21802,2007-03-18 05:43:39.996,4.99
19543,2007-03-18 05:43:45.996,4.99
23104,2007-03-18 05:45:24.996,3.99
25139,2007-03-18 05:46:21.996,4.99
24467,2007-03-18 05:50:13.996,5.99
22145,2007-03-18 05:52:08.996,2.99
24331,2007-03-18 05:58:12.996,4.99
23592,2007-03-18 06:00:38.996,5.99
24013,2007-03-18 06:01:34.996,2.99
21717,2007-03-18 06:02:33.996,7.99
21993,2007-03-18 06:05:31.996,2.99
22858,2007-03-18 06:09:18.996,2.99
22837,2007-03-18 06:10:09.996,4.99
23826,2007-03-18 06:15:01.996,2.99
24426,2007-03-18 06:21:15.996,7.99
23495,2007-03-18 06:23:35.996,4.99
22751,2007-03-18 06:25:40.996,8.99
20701,2007-03-18 06:26:04.996,6.99
20158,2007-03-18 06:26:09.996,6.99
21756,2007-03-18 06:26:13.996,2.99
21263,2007-03-18 06:31:12.996,2.99
23910,2007-03-18 06:33:01.996,9.99
20445,2007-03-18 06:35:51.996,8.99
23390,2007-03-18 06:36:11.996,3.99
20425,2007-03-18 06:48:34.996,4.99
23752,2007-03-18 06:48:55.996,2.99
24688,2007-03-18 06:55:54.996,1.99
22341,2007-03-18 07:00:59.996,8.99
24071,2007-03-18 07:07:59.996,2.99
22006,2007-03-18 07:14:50.996,2.99
22237,2007-03-18 07:16:35.996,2.99
20723,2007-03-18 07:17:02.996,4.99
20551,2007-03-18 07:20:08.996,1.99
19911,2007-03-18 07:21:19.996,4.99
23726,2007-03-18 07:26:24.996,5.99
20734,2007-03-18 07:31:07.996,5.99
20097,2007-03-18 07:33:41.996,2.99
22109,2007-03-18 07:34:56.996,4.99
23074,2007-03-18 07:39:49.996,9.99
20481,2007-03-18 07:41:18.996,9.99
20018,2007-03-18 07:41:50.996,4.99
20260,2007-03-18 07:42:08.996,10.99
22777,2007-03-18 07:47:38.996,2.99
23827,2007-03-18 07:56:00.996,3.99
21152,2007-03-18 07:59:31.996,6.99
20214,2007-03-18 08:05:00.996,4.99
25153,2007-03-18 08:05:56.996,6.99
21821,2007-03-18 08:06:28.996,2.99
24734,2007-03-18 08:07:52.996,4.99
24034,2007-03-18 08:09:04.996,2.99
24635,2007-03-18 08:13:59.996,8.99
23408,2007-03-18 08:18:18.996,5.99
20432,2007-03-18 08:19:00.996,2.99
22995,2007-03-18 08:19:06.996,9.99
21178,2007-03-18 08:22:27.996,4.99
21873,2007-03-18 08:25:14.996,2.99
23357,2007-03-18 08:25:26.996,4.99
24905,2007-03-18 08:28:02.996,4.99
23926,2007-03-18 08:30:14.996,4.99
21537,2007-03-18 08:30:16.996,4.99
24206,2007-03-18 08:32:32.996,5.99
21264,2007-03-18 08:41:38.996,4.99
21469,2007-03-18 08:43:18.996,8.99
20007,2007-03-18 08:45:23.996,8.99
20822,2007-03-18 08:46:32.996,5.99
23409,2007-03-18 08:52:37.996,4.99
20119,2007-03-18 08:52:43.996,6.99
23806,2007-03-18 08:52:47.996,3.99
21113,2007-03-18 08:55:12.996,6.99
23539,2007-03-18 09:03:25.996,2.99
25122,2007-03-18 09:03:39.996,5.99
22208,2007-03-18 09:06:15.996,4.99
24227,2007-03-18 09:06:57.996,7.99
21718,2007-03-18 09:09:31.996,3.99
21427,2007-03-18 09:11:09.996,9.99
24468,2007-03-18 09:11:18.996,8.99
24156,2007-03-18 09:13:23.996,3.99
22289,2007-03-18 09:16:23.996,2.99
19557,2007-03-18 09:18:33.996,2.99
24831,2007-03-18 09:19:25.996,5.99
20297,2007-03-18 09:24:46.996,2.99
21233,2007-03-18 09:24:55.996,2.99
21454,2007-03-18 09:25:27.996,4.99
21896,2007-03-18 09:32:30.996,2.99
20360,2007-03-18 09:43:01.996,6.99
23652,2007-03-18 09:45:33.996,3.99
24452,2007-03-18 09:47:28.996,2.99
23129,2007-03-18 09:48:13.996,4.99
23504,2007-03-18 09:50:17.996,4.99
19636,2007-03-18 09:51:19.996,5.99
23068,2007-03-18 09:53:37.996,4.99
20978,2007-03-18 09:53:39.996,7.99
22407,2007-03-18 09:57:21.996,2.99
24676,2007-03-18 10:00:00.996,4.99
24194,2007-03-18 10:02:00.996,6.99
21379,2007-03-18 10:05:21.996,4.99
23452,2007-03-18 10:10:13.996,2.99
23474,2007-03-18 10:24:08.996,3.99
23629,2007-03-18 10:25:26.996,4.99
19815,2007-03-18 10:27:14.996,10.99
19874,2007-03-18 10:28:10.996,2.99
23432,2007-03-18 10:38:29.996,8.99
20780,2007-03-18 10:42:47.996,4.99
23820,2007-03-18 10:51:06.996,4.99
23391,2007-03-18 10:53:27.996,3.99
23092,2007-03-18 10:53:42.996,4.99
20781,2007-03-18 10:55:03.996,4.99
21216,2007-03-18 10:55:09.996,8.99
24715,2007-03-18 11:00:00.996,2.99
24965,2007-03-18 11:06:02.996,7.99
21629,2007-03-18 11:07:03.996,5.99
19843,2007-03-18 11:08:03.996,2.99
20242,2007-03-18 11:10:07.996,4.99
21874,2007-03-18 11:11:16.996,8.99
22966,2007-03-18 11:16:48.996,4.99
24966,2007-03-18 11:17:11.996,4.99
24481,2007-03-18 11:17:11.996,9.99
24761,2007-03-18 11:17:30.996,4.99
21622,2007-03-18 11:22:04.996,7.99
21940,2007-03-18 11:22:15.996,6.99
23637,2007-03-18 11:25:03.996,4.99
21637,2007-03-18 11:26:51.996,6.99
20660,2007-03-18 11:27:06.996,4.99
20852,2007-03-18 11:29:34.996,2.99
23093,2007-03-18 11:34:03.996,2.99
19938,2007-03-18 11:34:17.996,4.99
24344,2007-03-18 11:41:39.996,4.99
24850,2007-03-18 11:44:57.996,4.99
20565,2007-03-18 11:45:12.996,4.99
23105,2007-03-18 11:45:33.996,4.99
20832,2007-03-18 11:45:56.996,5.99
22496,2007-03-18 11:47:39.996,8.99
22967,2007-03-18 11:48:39.996,2.99
20724,2007-03-18 11:50:51.996,9.99
24096,2007-03-18 11:56:53.996,3.99
21980,2007-03-18 12:00:11.996,6.99
20774,2007-03-18 12:02:21.996,2.99
19860,2007-03-18 12:08:19.996,4.99
21912,2007-03-18 12:08:46.996,4.99
25132,2007-03-18 12:09:58.996,4.99
20215,2007-03-18 12:14:06.996,2.99
24807,2007-03-18 12:14:07.996,7.99
23598,2007-03-18 12:16:57.996,4.99
23204,2007-03-18 12:17:09.996,2.99
21342,2007-03-18 12:17:12.996,6.99
20758,2007-03-18 12:21:07.996,2.99
21928,2007-03-18 12:23:14.996,4.99
22949,2007-03-18 12:26:16.996,2.99
24453,2007-03-18 12:26:24.996,2.99
20102,2007-03-18 12:30:06.996,4.99
24482,2007-03-18 12:33:07.996,7.99
21882,2007-03-18 12:33:48.996,1.99
20509,2007-03-18 12:34:32.996,5.99
23225,2007-03-18 12:35:05.996,1.99
23769,2007-03-18 12:37:35.996,2.99
19880,2007-03-18 12:45:56.996,5.99
22497,2007-03-18 12:46:56.996,2.99
20041,2007-03-18 12:52:21.996,2.99
20326,2007-03-18 12:54:17.996,3.99
24293,2007-03-18 12:56:26.996,6.99
22980,2007-03-18 12:58:03.996,2.99
22554,2007-03-18 12:58:05.996,4.99
21037,2007-03-18 13:03:52.996,5.99
20552,2007-03-18 13:06:33.996,4.99
23979,2007-03-18 13:09:04.996,2.99
22821,2007-03-18 13:14:52.996,2.99
20903,2007-03-18 13:15:00.996,2.99
20809,2007-03-18 13:15:54.996,8.99
22247,2007-03-18 13:17:48.996,1.99
22703,2007-03-18 13:18:21.996,4.99
20416,2007-03-18 13:19:29.996,4.99
19742,2007-03-18 13:21:01.996,7.99
21847,2007-03-18 13:22:24.996,5.99
22593,2007-03-18 13:22:45.996,4.99
24662,2007-03-18 13:28:29.996,3.99
20710,2007-03-18 13:36:55.996,4.99
20270,2007-03-18 13:40:01.996,2.99
24649,2007-03-18 13:40:43.996,4.99
19920,2007-03-18 13:43:02.996,3.99
22367,2007-03-18 13:44:10.996,3.99
22968,2007-03-18 13:49:12.996,6.99
24650,2007-03-18 13:51:57.996,5.99
22555,2007-03-18 13:59:44.996,5.99
24438,2007-03-18 14:01:23.996,4.99
23764,2007-03-18 14:06:08.996,6.99
23780,2007-03-18 14:06:57.996,2.99
22838,2007-03-18 14:08:12.996,7.99
23191,2007-03-18 14:17:34.996,2.99
23352,2007-03-18 14:17:41.996,6.99
23684,2007-03-18 14:20:02.996,2.99
20482,2007-03-18 14:20:02.996,7.99
23697,2007-03-18 14:20:38.996,3.99
21354,2007-03-18 14:23:05.996,4.99
21719,2007-03-18 14:31:39.996,1.99
20924,2007-03-18 14:33:11.996,2.99
19607,2007-03-18 14:34:57.996,5.99
19921,2007-03-18 14:40:01.996,6.99
22154,2007-03-18 14:45:07.996,2.99
19890,2007-03-18 14:46:16.996,3.99
24586,2007-03-18 14:52:50.996,4.99
20560,2007-03-18 14:58:01.996,2.99
21517,2007-03-18 15:02:28.996,2.99
20191,2007-03-18 15:02:29.996,4.99
23015,2007-03-18 15:11:11.996,2.99
24320,2007-03-18 15:12:50.996,4.99
22612,2007-03-18 15:16:18.996,2.99
23781,2007-03-18 15:24:46.996,3.99
22791,2007-03-18 15:27:14.996,4.99
21694,2007-03-18 15:28:03.996,4.99
19608,2007-03-18 15:30:47.996,1.99
20433,2007-03-18 15:33:41.996,4.99
21610,2007-03-18 15:34:48.996,2.99
20364,2007-03-18 15:38:08.996,1.99
23888,2007-03-18 15:38:31.996,3.99
22760,2007-03-18 15:44:27.996,2.99
23263,2007-03-18 15:44:29.996,7.99
22969,2007-03-18 15:44:33.996,6.99
21532,2007-03-18 15:51:07.996,4.99
22316,2007-03-18 15:51:14.996,2.99
23765,2007-03-18 15:52:28.996,4.99
24744,2007-03-18 15:55:04.996,3.99
21142,2007-03-18 16:00:02.996,2.99
21994,2007-03-18 16:02:37.996,3.99
24384,2007-03-18 16:02:45.996,4.99
21091,2007-03-18 16:03:26.996,7.99
23685,2007-03-18 16:04:45.996,6.99
20388,2007-03-18 16:05:11.996,5.99
24122,2007-03-18 16:05:37.996,2.99
21913,2007-03-18 16:08:51.996,5.99
21343,2007-03-18 16:08:59.996,7.99
21276,2007-03-18 16:17:54.996,4.99
20594,2007-03-18 16:22:47.996,2.99
21455,2007-03-18 16:24:04.996,6.99
22178,2007-03-18 16:26:40.996,2.99
22822,2007-03-18 16:28:49.996,2.99
20580,2007-03-18 16:28:55.996,3.99
24057,2007-03-18 16:35:19.996,2.99
24332,2007-03-18 16:40:05.996,8.99
21726,2007-03-18 16:41:31.996,2.99
22135,2007-03-18 16:43:15.996,3.99
21428,2007-03-18 16:46:34.996,2.99
24279,2007-03-18 16:47:42.996,4.99
24264,2007-03-18 16:49:32.996,4.99
19844,2007-03-18 16:50:53.996,5.99
20661,2007-03-18 16:53:32.996,2.99
21914,2007-03-18 16:58:17.996,5.99
21905,2007-03-18 16:58:47.996,7.99
22007,2007-03-18 17:00:13.996,4.99
19627,2007-03-18 17:01:46.996,4.99
22771,2007-03-18 17:17:24.996,4.99
23433,2007-03-18 17:21:43.996,4.99
22039,2007-03-18 17:26:10.996,6.99
24532,2007-03-18 17:34:08.996,4.99
20090,2007-03-18 17:34:15.996,6.99
22882,2007-03-18 17:35:49.996,4.99
22437,2007-03-18 17:39:20.996,4.99
24991,2007-03-18 17:40:07.996,4.99
22146,2007-03-18 17:40:11.996,10.99
22810,2007-03-18 17:45:13.996,2.99
21080,2007-03-18 17:46:13.996,6.99
22462,2007-03-18 17:46:24.996,2.99
22058,2007-03-18 17:50:22.996,4.99
24462,2007-03-18 17:53:22.996,5.99
24001,2007-03-18 18:02:28.996,4.99
20131,2007-03-18 18:04:31.996,4.99
24428,2007-03-18 18:09:53.996,2.99
21392,2007-03-18 18:10:37.996,6.99
25074,2007-03-18 18:12:12.996,6.99
21897,2007-03-18 18:16:32.996,2.99
24269,2007-03-18 18:19:09.996,4.99
23733,2007-03-18 18:19:55.996,6.99
20631,2007-03-18 18:23:35.996,8.99
19708,2007-03-18 18:26:05.996,9.99
23307,2007-03-18 18:28:20.996,6.99
19801,2007-03-18 18:35:00.996,3.99
20389,2007-03-18 18:35:23.996,2.99
22048,2007-03-18 18:36:12.996,5.99
22498,2007-03-18 18:38:45.996,5.99
19533,2007-03-18 18:39:05.996,4.99
21590,2007-03-18 18:40:01.996,2.99
20519,2007-03-18 18:41:34.996,2.99
24146,2007-03-18 18:43:22.996,2.99
21638,2007-03-18 18:55:13.996,6.99
21518,2007-03-18 18:58:59.996,4.99
21282,2007-03-18 19:05:39.996,2.99
23574,2007-03-18 19:11:26.996,4.99
24312,2007-03-18 19:13:00.996,3.99
21038,2007-03-18 19:20:28.996,4.99
22957,2007-03-18 19:27:43.996,2.99
21533,2007-03-18 19:28:17.996,5.99
19939,2007-03-18 19:31:16.996,7.99
23821,2007-03-18 19:31:58.996,4.99
21192,2007-03-18 19:32:39.996,2.99
23226,2007-03-18 19:35:54.996,4.99
20494,2007-03-18 19:36:27.996,3.99
25154,2007-03-18 19:38:04.996,4.99
24280,2007-03-18 19:44:06.996,4.99
24371,2007-03-18 19:50:10.996,2.99
20979,2007-03-18 19:57:08.996,5.99
24889,2007-03-18 19:58:38.996,1.99
20935,2007-03-18 20:02:19.996,8.99
24921,2007-03-18 20:05:46.996,7.99
23169,2007-03-18 20:11:35.996,4.99
20751,2007-03-18 20:13:12.996,2.99
24395,2007-03-18 20:13:41.996,2.99
23889,2007-03-18 20:16:14.996,4.99
22752,2007-03-18 20:23:27.996,2.99
23872,2007-03-18 20:24:04.996,2.99
24047,2007-03-18 20:27:26.996,2.99
23807,2007-03-18 20:33:18.996,1.99
20614,2007-03-18 20:33:20.996,4.99
22643,2007-03-18 20:40:03.996,6.99
22539,2007-03-18 20:40:13.996,7.99
19764,2007-03-18 20:43:44.996,10.99
20098,2007-03-18 20:45:30.996,4.99
21102,2007-03-18 20:45:31.996,4.99
23333,2007-03-18 20:50:29.996,2.99
22330,2007-03-18 20:50:57.996,5.99
22572,2007-03-18 20:51:02.996,2.99
22916,2007-03-18 20:51:11.996,2.99
22179,2007-03-18 20:56:48.996,4.99
20510,2007-03-18 20:57:31.996,7.99
20662,2007-03-18 20:59:47.996,2.99
22060,2007-03-18 21:01:05.996,1.99
20312,2007-03-18 21:01:48.996,2.99
21862,2007-03-18 21:02:02.996,2.99
21470,2007-03-18 21:06:05.996,10.99
23937,2007-03-18 21:06:07.996,7.99
21143,2007-03-18 21:07:13.996,5.99
23540,2007-03-18 21:20:39.996,2.99
24080,2007-03-18 21:26:11.996,4.99
20408,2007-03-18 21:31:45.996,4.99
20417,2007-03-18 21:33:48.996,1.99
21748,2007-03-18 21:35:20.996,4.99
21489,2007-03-18 21:35:27.996,4.99
24447,2007-03-18 21:42:41.996,3.99
19826,2007-03-18 21:50:16.996,8.99
23156,2007-03-18 21:53:46.996,6.99
21074,2007-03-18 21:54:15.996,6.99
21771,2007-03-18 21:55:06.996,1.99
22418,2007-03-18 21:57:26.996,5.99
21594,2007-03-18 21:57:49.996,4.99
20752,2007-03-18 21:57:51.996,4.99
20375,2007-03-18 22:00:45.996,5.99
22883,2007-03-18 22:02:48.996,6.99
23205,2007-03-18 22:04:22.996,5.99
23214,2007-03-18 22:05:59.996,4.99
23900,2007-03-18 22:07:48.996,6.99
19754,2007-03-18 22:08:49.996,4.99
20050,2007-03-18 22:12:26.996,3.99
24294,2007-03-18 22:18:50.996,2.99
21685,2007-03-18 22:24:49.996,5.99
21757,2007-03-18 22:29:40.996,4.99
21848,2007-03-18 22:31:12.996,2.99
24058,2007-03-18 22:34:15.996,2.99
23548,2007-03-18 22:43:35.996,2.99
22248,2007-03-18 22:44:45.996,2.99
23106,2007-03-18 22:45:20.996,6.99
20802,2007-03-18 22:49:02.996,5.99
20454,2007-03-18 22:50:50.996,4.99
22726,2007-03-18 22:52:34.996,2.99
22049,2007-03-18 22:52:59.996,4.99
22147,2007-03-18 22:55:37.996,2.99
22626,2007-03-18 22:55:45.996,8.99
21381,2007-03-18 22:56:07.996,8.99
20678,2007-03-18 22:56:47.996,2.99
20426,2007-03-18 23:01:41.996,8.99
20243,2007-03-18 23:05:00.996,4.99
21012,2007-03-18 23:05:52.996,4.99
21849,2007-03-18 23:07:12.996,4.99
23215,2007-03-18 23:09:07.996,4.99
23206,2007-03-18 23:19:54.996,4.99
21727,2007-03-18 23:22:48.996,2.99
21409,2007-03-18 23:26:50.996,4.99
22531,2007-03-18 23:28:08.996,4.99
20216,2007-03-18 23:32:31.996,4.99
23727,2007-03-18 23:33:01.996,3.99
21986,2007-03-18 23:33:25.996,3.99
23864,2007-03-18 23:33:34.996,2.99
21039,2007-03-18 23:43:50.996,4.99
19986,2007-03-18 23:44:13.996,2.99
24967,2007-03-18 23:46:26.996,4.99
21144,2007-03-18 23:53:37.996,3.99
25008,2007-03-18 23:55:49.996,5.99
20561,2007-03-19 00:06:13.996,4.99
20060,2007-03-19 00:06:44.996,2.99
24448,2007-03-19 00:09:09.996,3.99
22305,2007-03-19 00:10:10.996,2.99
23250,2007-03-19 00:10:54.996,5.99
23927,2007-03-19 00:15:56.996,4.99
23834,2007-03-19 00:16:11.996,4.99
19922,2007-03-19 00:20:16.996,6.99
20377,2007-03-19 00:22:09.996,6.99
24439,2007-03-19 00:22:37.996,6.99
25050,2007-03-19 00:24:21.996,2.99
23782,2007-03-19 00:25:47.996,6.99
23873,2007-03-19 00:27:20.996,2.99
22499,2007-03-19 00:27:34.996,2.99
23672,2007-03-19 00:31:03.996,2.99
22092,2007-03-19 00:33:37.996,2.99
19674,2007-03-19 00:34:03.996,5.99
24541,2007-03-19 00:40:38.996,3.99
24825,2007-03-19 00:43:58.996,2.99
20397,2007-03-19 00:47:17.996,6.99
24922,2007-03-19 00:47:24.996,4.99
22714,2007-03-19 00:47:39.996,1.99
21179,2007-03-19 00:48:39.996,4.99
24048,2007-03-19 00:50:42.996,3.99
23988,2007-03-19 00:51:49.996,6.99
22170,2007-03-19 00:53:07.996,5.99
19723,2007-03-19 00:58:50.996,2.99
24587,2007-03-19 01:00:25.996,5.99
24844,2007-03-19 01:04:25.996,4.99
21410,2007-03-19 01:06:52.996,4.99
24796,2007-03-19 01:08:13.996,2.99
23619,2007-03-19 01:19:02.996,8.99
23512,2007-03-19 01:23:04.996,3.99
24711,2007-03-19 01:24:02.996,4.99
23980,2007-03-19 01:34:07.996,2.99
21591,2007-03-19 01:38:47.996,2.99
20342,2007-03-19 01:40:45.996,2.99
23075,2007-03-19 01:45:24.996,2.99
22594,2007-03-19 01:45:34.996,4.99
24636,2007-03-19 01:51:21.996,4.99
22209,2007-03-19 01:55:43.996,2.99
23808,2007-03-19 01:56:39.996,5.99
24157,2007-03-19 02:02:12.996,4.99
22238,2007-03-19 02:02:13.996,4.99
20271,2007-03-19 02:02:30.996,5.99
24353,2007-03-19 02:06:58.996,5.99
24123,2007-03-19 02:07:20.996,1.99
24072,2007-03-19 02:09:35.996,4.99
21875,2007-03-19 02:09:57.996,5.99
21710,2007-03-19 02:15:09.996,2.99
22110,2007-03-19 02:17:54.996,7.99
20735,2007-03-19 02:19:14.996,4.99
24735,2007-03-19 02:21:10.996,4.99
23661,2007-03-19 02:32:00.996,2.99
19861,2007-03-19 02:38:04.996,2.99
25051,2007-03-19 02:39:16.996,5.99
21558,2007-03-19 02:42:03.996,4.99
20782,2007-03-19 02:42:09.996,2.99
21000,2007-03-19 02:44:39.996,9.99
20192,2007-03-19 02:47:31.996,1.99
24637,2007-03-19 02:48:51.996,2.99
20446,2007-03-19 02:52:36.996,6.99
20418,2007-03-19 02:53:01.996,3.99
21737,2007-03-19 02:54:25.996,4.99
24147,2007-03-19 02:55:37.996,4.99
22799,2007-03-19 03:00:02.996,7.99
25123,2007-03-19 03:00:41.996,6.99
21826,2007-03-19 03:00:58.996,4.99
24845,2007-03-19 03:16:14.996,5.99
22016,2007-03-19 03:18:46.996,2.99
21906,2007-03-19 03:20:13.996,2.99
23232,2007-03-19 03:27:27.996,5.99
20148,2007-03-19 03:28:42.996,3.99
24754,2007-03-19 03:31:12.996,5.99
20318,2007-03-19 03:32:35.996,5.99
19940,2007-03-19 03:33:49.996,4.99
20911,2007-03-19 03:39:58.996,4.99
20843,2007-03-19 03:40:13.996,2.99
20936,2007-03-19 03:45:56.996,4.99
22540,2007-03-19 03:46:46.996,8.99
22556,2007-03-19 03:47:08.996,5.99
19659,2007-03-19 03:48:51.996,2.99
20649,2007-03-19 03:53:32.996,6.99
20272,2007-03-19 03:53:56.996,4.99
24429,2007-03-19 04:06:51.996,2.99
20193,2007-03-19 04:06:55.996,2.99
23641,2007-03-19 04:09:02.996,7.99
22165,2007-03-19 04:14:52.996,2.99
24097,2007-03-19 04:16:38.996,6.99
21193,2007-03-19 04:22:00.996,2.99
21720,2007-03-19 04:22:47.996,4.99
19660,2007-03-19 04:24:18.996,4.99
21393,2007-03-19 04:24:24.996,2.99
23353,2007-03-19 04:25:10.996,3.99
24793,2007-03-19 04:29:18.996,2.99
21055,2007-03-19 04:32:33.996,4.99
23289,2007-03-19 04:33:00.996,7.99
20872,2007-03-19 04:34:24.996,8.99
24906,2007-03-19 04:34:52.996,4.99
21833,2007-03-19 04:41:10.996,8.99
22368,2007-03-19 04:47:47.996,2.99
24148,2007-03-19 04:50:18.996,1.99
20640,2007-03-19 04:51:03.996,2.99
24321,2007-03-19 04:51:14.996,5.99
22697,2007-03-19 04:54:30.996,2.99
21058,2007-03-19 05:01:26.996,4.99
23342,2007-03-19 05:06:14.996,5.99
24313,2007-03-19 05:06:17.996,3.99
24270,2007-03-19 05:06:44.996,4.99
24762,2007-03-19 05:07:25.996,2.99
21659,2007-03-19 05:11:09.996,4.99
23216,2007-03-19 05:11:54.996,1.99
24254,2007-03-19 05:16:37.996,2.99
24859,2007-03-19 05:19:45.996,2.99
22565,2007-03-19 05:21:24.996,1.99
20663,2007-03-19 05:23:59.996,4.99
24281,2007-03-19 05:25:53.996,4.99
19523,2007-03-19 05:29:01.996,4.99
24049,2007-03-19 05:31:40.996,6.99
21569,2007-03-19 05:32:26.996,4.99
23107,2007-03-19 05:35:00.996,4.99
24098,2007-03-19 05:35:17.996,6.99
22075,2007-03-19 05:35:17.996,4.99
23484,2007-03-19 05:36:31.996,5.99
24638,2007-03-19 05:38:02.996,4.99
23938,2007-03-19 05:40:10.996,2.99
19901,2007-03-19 05:47:30.996,2.99
20378,2007-03-19 05:49:05.996,4.99
23853,2007-03-19 05:49:50.996,2.99
21595,2007-03-19 05:52:29.996,7.99
22342,2007-03-19 05:54:56.996,4.99
20581,2007-03-19 05:59:58.996,6.99
19943,2007-03-19 06:00:12.996,2.99
20327,2007-03-19 06:00:42.996,4.99
22917,2007-03-19 06:03:19.996,1.99
25022,2007-03-19 06:05:10.996,4.99
21265,2007-03-19 06:07:55.996,1.99
23939,2007-03-19 06:15:42.996,2.99
20904,2007-03-19 06:20:47.996,3.99
21995,2007-03-19 06:22:24.996,4.99
24059,2007-03-19 06:23:25.996,7.99
19771,2007-03-19 06:24:17.996,6.99
20235,2007-03-19 06:24:34.996,4.99
23854,2007-03-19 06:25:17.996,7.99
24361,2007-03-19 06:25:40.996,4.99
23654,2007-03-19 06:30:50.996,1.99
24295,2007-03-19 06:33:16.996,8.99
22607,2007-03-19 06:36:09.996,2.99
23568,2007-03-19 06:36:16.996,5.99
19932,2007-03-19 06:36:30.996,5.99
23343,2007-03-19 06:42:20.996,5.99
20783,2007-03-19 06:47:47.996,4.99
23444,2007-03-19 06:51:11.996,2.99
20483,2007-03-19 06:55:49.996,2.99
19772,2007-03-19 06:56:30.996,2.99
24897,2007-03-19 06:56:37.996,2.99
22349,2007-03-19 06:58:30.996,2.99
20236,2007-03-19 07:03:05.996,3.99
20650,2007-03-19 07:09:55.996,2.99
22869,2007-03-19 07:17:03.996,4.99
19609,2007-03-19 07:22:23.996,3.99
22026,2007-03-19 07:23:42.996,4.99
21382,2007-03-19 07:34:04.996,8.99
23865,2007-03-19 07:35:39.996,4.99
25023,2007-03-19 07:46:01.996,4.99
23042,2007-03-19 07:49:36.996,7.99
21611,2007-03-19 07:53:32.996,4.99
23192,2007-03-19 07:54:06.996,5.99
23911,2007-03-19 07:59:49.996,6.99
23549,2007-03-19 07:59:59.996,4.99
21749,2007-03-19 08:00:08.996,9.99
24002,2007-03-19 08:00:14.996,10.99
20051,2007-03-19 08:02:28.996,4.99
21607,2007-03-19 08:04:54.996,2.99
23662,2007-03-19 08:08:31.996,6.99
22918,2007-03-19 08:09:19.996,4.99
22897,2007-03-19 08:11:51.996,9.99
22427,2007-03-19 08:12:05.996,4.99
20632,2007-03-19 08:12:43.996,7.99
22727,2007-03-19 08:14:07.996,1.99
22532,2007-03-19 08:15:19.996,4.99
21898,2007-03-19 08:17:18.996,4.99
24333,2007-03-19 08:19:43.996,5.99
19837,2007-03-19 08:23:46.996,4.99
22446,2007-03-19 08:29:33.996,5.99
21224,2007-03-19 08:31:56.996,2.99
21792,2007-03-19 08:34:04.996,2.99
20204,2007-03-19 08:35:19.996,8.99
24763,2007-03-19 08:38:36.996,4.99
24613,2007-03-19 08:38:52.996,4.99
24907,2007-03-19 08:43:45.996,2.99
21553,2007-03-19 08:45:09.996,8.99
21277,2007-03-19 08:46:26.996,4.99
20651,2007-03-19 08:47:45.996,5.99
21306,2007-03-19 08:55:11.996,2.99
24322,2007-03-19 09:02:18.996,6.99
23184,2007-03-19 09:08:20.996,5.99
23866,2007-03-19 09:08:36.996,2.99
24228,2007-03-19 09:14:42.996,6.99
21808,2007-03-19 09:16:36.996,6.99
22800,2007-03-19 09:17:29.996,4.99
24196,2007-03-19 09:19:09.996,4.99
23170,2007-03-19 09:20:25.996,2.99
21114,2007-03-19 09:23:45.996,9.99
21266,2007-03-19 09:24:11.996,2.99
23069,2007-03-19 09:30:20.996,7.99
19709,2007-03-19 09:30:29.996,7.99
19593,2007-03-19 09:34:17.996,2.99
22557,2007-03-19 09:34:32.996,2.99
19661,2007-03-19 09:34:42.996,7.99
20344,2007-03-19 09:42:24.996,4.99
25075,2007-03-19 09:51:46.996,4.99
22935,2007-03-19 09:53:36.996,4.99
25076,2007-03-19 09:55:36.996,2.99
22404,2007-03-19 09:55:46.996,2.99
22186,2007-03-19 09:55:58.996,10.99
23496,2007-03-19 09:56:09.996,2.99
24125,2007-03-19 10:00:07.996,6.99
24430,2007-03-19 10:08:24.996,4.99
24898,2007-03-19 10:13:25.996,4.99
19969,2007-03-19 10:16:04.996,3.99
24992,2007-03-19 10:20:05.996,2.99
19637,2007-03-19 10:22:15.996,4.99
24736,2007-03-19 10:23:39.996,2.99
23434,2007-03-19 10:24:25.996,5.99
24524,2007-03-19 10:26:15.996,5.99
25009,2007-03-19 10:28:54.996,5.99
24396,2007-03-19 10:32:29.996,2.99
22660,2007-03-19 10:32:42.996,4.99
19594,2007-03-19 10:33:30.996,8.99
25024,2007-03-19 10:35:08.996,2.99
21560,2007-03-19 10:36:39.996,9.99
21996,2007-03-19 10:39:23.996,3.99
21947,2007-03-19 10:39:29.996,2.99
23157,2007-03-19 10:52:49.996,7.99
22870,2007-03-19 10:54:58.996,4.99
24677,2007-03-19 10:58:27.996,2.99
22224,2007-03-19 11:00:36.996,4.99
20034,2007-03-19 11:04:22.996,5.99
19544,2007-03-19 11:10:54.996,5.99
20484,2007-03-19 11:13:04.996,3.99
21314,2007-03-19 11:14:21.996,8.99
23753,2007-03-19 11:23:08.996,7.99
23043,2007-03-19 11:23:35.996,4.99
23076,2007-03-19 11:35:38.996,6.99
21325,2007-03-19 11:36:45.996,2.99
22839,2007-03-19 11:36:49.996,4.99
22608,2007-03-19 11:37:58.996,6.99
21069,2007-03-19 11:38:13.996,1.99
25029,2007-03-19 11:38:20.996,2.99
21171,2007-03-19 11:38:49.996,7.99
21834,2007-03-19 11:39:08.996,4.99
22566,2007-03-19 11:40:54.996,2.99
20065,2007-03-19 11:46:36.996,2.99
21702,2007-03-19 11:48:25.996,4.99
21543,2007-03-19 11:56:52.996,2.99
24060,2007-03-19 11:59:21.996,3.99
21772,2007-03-19 12:04:54.996,2.99
23796,2007-03-19 12:05:07.996,2.99
24469,2007-03-19 12:05:54.996,6.99
24015,2007-03-19 12:12:01.996,2.99
24372,2007-03-19 12:14:14.996,7.99
23822,2007-03-19 12:17:20.996,2.99
22970,2007-03-19 12:19:02.996,2.99
21578,2007-03-19 12:21:16.996,4.99
24890,2007-03-19 12:23:19.996,4.99
22686,2007-03-19 12:25:20.996,2.99
23655,2007-03-19 12:28:19.996,4.99
20024,2007-03-19 12:29:04.996,4.99
23876,2007-03-19 12:29:22.996,5.99
19854,2007-03-19 12:37:52.996,5.99
20712,2007-03-19 12:44:44.996,4.99
24373,2007-03-19 12:51:45.996,5.99
21490,2007-03-19 12:55:29.996,8.99
20455,2007-03-19 12:55:42.996,8.99
19755,2007-03-19 12:56:25.996,1.99
20485,2007-03-19 12:57:14.996,4.99
22027,2007-03-19 12:58:32.996,8.99
23770,2007-03-19 13:02:11.996,6.99
23242,2007-03-19 13:02:38.996,6.99
22331,2007-03-19 13:07:40.996,4.99
22627,2007-03-19 13:08:58.996,4.99
20361,2007-03-19 13:12:29.996,2.99
24304,2007-03-19 13:15:44.996,2.99
20181,2007-03-19 13:21:48.996,3.99
22439,2007-03-19 13:24:24.996,3.99
21809,2007-03-19 13:24:31.996,2.99
20595,2007-03-19 13:26:56.996,8.99
25052,2007-03-19 13:29:24.996,7.99
24149,2007-03-19 13:31:14.996,4.99
21687,2007-03-19 13:33:52.996,3.99
21773,2007-03-19 13:34:00.996,2.99
23243,2007-03-19 13:43:04.996,3.99
21623,2007-03-19 13:52:04.996,4.99
24207,2007-03-19 13:52:33.996,1.99
24197,2007-03-19 13:59:32.996,4.99
21356,2007-03-19 14:04:04.996,8.99
21001,2007-03-19 14:04:31.996,1.99
22332,2007-03-19 14:07:05.996,4.99
19732,2007-03-19 14:08:54.996,2.99
21234,2007-03-19 14:10:58.996,2.99
21437,2007-03-19 14:14:13.996,3.99
23557,2007-03-19 14:16:24.996,4.99
21366,2007-03-19 14:20:30.996,2.99
21966,2007-03-19 14:20:39.996,8.99
22296,2007-03-19 14:22:59.996,2.99
22383,2007-03-19 14:36:42.996,2.99
19692,2007-03-19 14:36:59.996,2.99
19675,2007-03-19 14:41:15.996,9.99
22661,2007-03-19 14:41:58.996,2.99
19662,2007-03-19 14:43:07.996,2.99
22266,2007-03-19 14:45:41.996,1.99
20447,2007-03-19 14:46:19.996,4.99
19524,2007-03-19 14:46:50.996,9.99
24305,2007-03-19 14:47:02.996,1.99
20273,2007-03-19 14:49:22.996,2.99
22111,2007-03-19 14:50:39.996,4.99
23002,2007-03-19 14:53:26.996,7.99
20913,2007-03-19 14:57:13.996,2.99
24993,2007-03-19 15:01:42.996,2.99
19828,2007-03-19 15:11:30.996,4.99
25100,2007-03-19 15:12:07.996,4.99
20553,2007-03-19 15:16:07.996,2.99
22267,2007-03-19 15:16:07.996,6.99
21235,2007-03-19 15:16:21.996,3.99
23705,2007-03-19 15:17:03.996,2.99
21267,2007-03-19 15:19:16.996,2.99
20765,2007-03-19 15:22:22.996,4.99
22028,2007-03-19 15:22:27.996,4.99
24126,2007-03-19 15:22:38.996,8.99
19745,2007-03-19 15:22:38.996,9.99
19845,2007-03-19 15:29:46.996,3.99
20285,2007-03-19 15:34:03.996,4.99
21333,2007-03-19 15:37:19.996,2.99
24994,2007-03-19 15:37:48.996,6.99
24455,2007-03-19 15:48:41.996,5.99
22662,2007-03-19 15:55:21.996,10.99
23693,2007-03-19 15:55:36.996,3.99
19970,2007-03-19 15:57:26.996,2.99
22384,2007-03-19 15:59:46.996,2.99
21367,2007-03-19 16:02:26.996,2.99
24215,2007-03-19 16:09:42.996,1.99
24923,2007-03-19 16:10:32.996,9.99
21081,2007-03-19 16:17:39.996,4.99
19573,2007-03-19 16:18:29.996,2.99
21883,2007-03-19 16:22:08.996,8.99
19987,2007-03-19 16:26:01.996,5.99
19685,2007-03-19 16:26:19.996,2.99
20229,2007-03-19 16:30:44.996,4.99
20456,2007-03-19 16:31:17.996,2.99
24737,2007-03-19 16:36:13.996,2.99
23251,2007-03-19 16:36:44.996,2.99
24414,2007-03-19 16:38:45.996,2.99
20171,2007-03-19 16:40:57.996,3.99
24440,2007-03-19 16:47:10.996,2.99
22369,2007-03-19 16:56:50.996,7.99
24247,2007-03-19 16:58:36.996,4.99
21703,2007-03-19 16:59:56.996,2.99
22906,2007-03-19 17:00:16.996,2.99
24929,2007-03-19 17:00:37.996,2.99
20766,2007-03-19 17:04:18.996,4.99
20365,2007-03-19 17:14:15.996,2.99
20512,2007-03-19 17:14:59.996,2.99
22017,2007-03-19 17:15:22.996,8.99
21677,2007-03-19 17:21:41.996,3.99
23171,2007-03-19 17:22:52.996,2.99
24456,2007-03-19 17:23:47.996,4.99
20823,2007-03-19 17:24:58.996,1.99
20159,2007-03-19 17:25:31.996,6.99
22166,2007-03-19 17:27:10.996,2.99
20914,2007-03-19 17:28:08.996,7.99
23558,2007-03-19 17:32:26.996,4.99
22463,2007-03-19 17:40:07.996,2.99
20261,2007-03-19 17:41:09.996,5.99
23208,2007-03-19 17:44:44.996,2.99
22778,2007-03-19 17:51:56.996,4.99
22871,2007-03-19 17:54:08.996,2.99
20905,2007-03-19 18:02:23.996,2.99
21133,2007-03-19 18:03:39.996,7.99
24334,2007-03-19 18:03:59.996,4.99
19676,2007-03-19 18:09:03.996,4.99
22268,2007-03-19 18:11:34.996,4.99
23928,2007-03-19 18:16:33.996,2.99
20132,2007-03-19 18:20:28.996,4.99
22428,2007-03-19 18:21:18.996,4.99
23374,2007-03-19 18:24:11.996,4.99
21383,2007-03-19 18:24:27.996,4.99
20513,2007-03-19 18:25:21.996,3.99
19816,2007-03-19 18:27:47.996,2.99
22907,2007-03-19 18:28:51.996,4.99
21758,2007-03-19 18:29:17.996,2.99
19746,2007-03-19 18:31:48.996,5.99
20520,2007-03-19 18:35:23.996,2.99
23513,2007-03-19 18:38:25.996,4.99
22823,2007-03-19 18:47:02.996,8.99
23116,2007-03-19 18:47:05.996,3.99
21357,2007-03-19 18:47:19.996,3.99
22558,2007-03-19 18:50:34.996,3.99
21863,2007-03-19 18:51:10.996,3.99
23217,2007-03-19 18:53:50.996,6.99
23912,2007-03-19 18:56:47.996,7.99
22297,2007-03-19 18:57:14.996,10.99
21315,2007-03-19 19:00:14.996,4.99
24846,2007-03-19 19:11:42.996,2.99
24678,2007-03-19 19:12:26.996,9.99
23453,2007-03-19 19:20:06.996,4.99
23913,2007-03-19 19:22:09.996,2.99
24669,2007-03-19 19:23:49.996,4.99
20736,2007-03-19 19:27:45.996,4.99
20713,2007-03-19 19:31:25.996,4.99
21145,2007-03-19 19:32:46.996,4.99
21092,2007-03-19 19:33:15.996,9.99
20066,2007-03-19 19:33:37.996,4.99
23677,2007-03-19 19:35:48.996,4.99
19734,2007-03-19 19:36:25.996,2.99
24860,2007-03-19 19:37:56.996,2.99
19912,2007-03-19 19:41:03.996,6.99
25077,2007-03-19 19:43:11.996,4.99
19756,2007-03-19 19:47:53.996,2.99
20217,2007-03-19 19:48:01.996,4.99
23630,2007-03-19 19:48:37.996,1.99
23017,2007-03-19 19:50:13.996,4.99
24127,2007-03-19 19:51:45.996,2.99
22753,2007-03-19 19:51:57.996,2.99
23797,2007-03-19 19:59:57.996,7.99
22393,2007-03-19 20:00:49.996,1.99
24788,2007-03-19 20:02:05.996,4.99
22884,2007-03-19 20:06:23.996,2.99
21115,2007-03-19 20:07:07.996,7.99
21093,2007-03-19 20:07:10.996,7.99
21154,2007-03-19 20:07:17.996,4.99
25001,2007-03-19 20:08:01.996,4.99
20043,2007-03-19 20:12:24.996,2.99
21774,2007-03-19 20:14:36.996,2.99
19994,2007-03-19 20:15:15.996,4.99
25054,2007-03-19 20:21:17.996,2.99
22840,2007-03-19 20:30:08.996,4.99
20862,2007-03-19 20:31:48.996,8.99
22824,2007-03-19 20:32:12.996,5.99
23117,2007-03-19 20:33:45.996,4.99
20567,2007-03-19 20:35:01.996,7.99
22885,2007-03-19 20:37:54.996,4.99
24405,2007-03-19 20:40:10.996,4.99
23989,2007-03-19 20:44:42.996,3.99
20495,2007-03-19 20:45:19.996,4.99
22704,2007-03-19 20:46:33.996,8.99
24431,2007-03-19 20:49:15.996,4.99
23728,2007-03-19 20:50:27.996,2.99
22419,2007-03-19 21:03:17.996,4.99
24679,2007-03-19 21:04:52.996,2.99
23656,2007-03-19 21:10:10.996,3.99
22886,2007-03-19 21:12:04.996,4.99
20810,2007-03-19 21:15:01.996,5.99
20679,2007-03-19 21:15:12.996,3.99
21134,2007-03-19 21:16:00.996,4.99
24432,2007-03-19 21:16:35.996,2.99
22645,2007-03-19 21:17:14.996,4.99
24954,2007-03-19 21:22:22.996,5.99
23638,2007-03-19 21:25:51.996,9.99
20811,2007-03-19 21:35:50.996,4.99
19945,2007-03-19 21:36:08.996,1.99
20194,2007-03-19 21:40:10.996,2.99
24891,2007-03-19 21:47:28.996,4.99
22908,2007-03-19 21:54:03.996,6.99
24798,2007-03-19 21:56:41.996,4.99
24745,2007-03-19 22:02:52.996,2.99
23326,2007-03-19 22:06:18.996,4.99
21916,2007-03-19 22:06:28.996,2.99
22198,2007-03-19 22:10:42.996,3.99
25088,2007-03-19 22:11:18.996,2.99
23846,2007-03-19 22:16:49.996,6.99
20345,2007-03-19 22:19:11.996,5.99
24861,2007-03-19 22:22:08.996,7.99
21688,2007-03-19 22:33:59.996,2.99
21630,2007-03-19 22:34:39.996,4.99
20775,2007-03-19 22:45:27.996,2.99
22740,2007-03-19 22:46:51.996,6.99
24261,2007-03-19 22:59:17.996,5.99
21061,2007-03-19 22:59:18.996,2.99
23929,2007-03-19 23:00:43.996,1.99
24794,2007-03-19 23:03:56.996,4.99
23734,2007-03-19 23:14:06.996,6.99
20873,2007-03-19 23:16:50.996,4.99
20992,2007-03-19 23:17:30.996,9.99
21639,2007-03-19 23:17:45.996,4.99
22887,2007-03-19 23:19:20.996,8.99
22420,2007-03-19 23:22:40.996,2.99
25107,2007-03-19 23:23:42.996,2.99
25155,2007-03-19 23:25:10.996,8.99
20514,2007-03-19 23:25:10.996,2.99
24016,2007-03-19 23:29:42.996,4.99
19802,2007-03-19 23:30:52.996,2.99
23966,2007-03-19 23:31:57.996,5.99
20680,2007-03-19 23:32:16.996,4.99
23334,2007-03-19 23:33:31.996,4.99
22754,2007-03-19 23:34:30.996,2.99
24751,2007-03-19 23:35:26.996,2.99
21417,2007-03-19 23:35:40.996,2.99
22841,2007-03-19 23:38:53.996,6.99
24198,2007-03-19 23:39:38.996,6.99
24449,2007-03-19 23:42:56.996,2.99
21162,2007-03-19 23:45:04.996,2.99
21334,2007-03-19 23:55:31.996,2.99
21180,2007-03-19 23:57:32.996,2.99
25067,2007-03-19 23:59:22.996,4.99
